Customer_ID,Phone_number,FirstName,Email
2001,555-0255,Liam,liam@example.com
2002,555-0282,Emma,emma@example.com
2003,555-0254,Noah,noah@example.com
2004,555-0272,Olivia,olivia@example.com
2005,555-0236,William,william@example.com
2006,555-0289,Ava,ava@example.com
2007,555-0254,James,james@example.com
2008,555-0264,Isabella,isabella@example.com
2009,555-0247,Logan,logan@example.com
2010,555-0289,Sophia,sophia@example.com
2011,555-0274,Benjamin,benjamin@example.com
2012,555-0240,Charlotte,charlotte@example.com
2013,555-0235,Mason,mason@example.com
2014,555-0293,Amelia,amelia@example.com
2015,555-0214,Elijah,elijah@example.com
2016,555-0216,Mia,mia@example.com
2017,555-0281,Oliver,oliver@example.com
2018,555-0223,Harper,harper@example.com
2019,555-0242,Jacob,jacob@example.com
2020,555-0260,Evelyn,evelyn@example.com
